-- MySQL dump 10.13  Distrib 5.7.26, for Linux (x86_64)
--
-- Host: 127.0.0.1    Database: SIG
-- ------------------------------------------------------
-- Server version	5.7.26-0ubuntu0.18.04.1

/*!40101 SET @OLD_CHARACTER_SET_CLIENT=@@CHARACTER_SET_CLIENT */;
/*!40101 SET @OLD_CHARACTER_SET_RESULTS=@@CHARACTER_SET_RESULTS */;
/*!40101 SET @OLD_COLLATION_CONNECTION=@@COLLATION_CONNECTION */;
/*!40101 SET NAMES utf8 */;
/*!40103 SET @OLD_TIME_ZONE=@@TIME_ZONE */;
/*!40103 SET TIME_ZONE='+00:00' */;
/*!40014 SET @OLD_UNIQUE_CHECKS=@@UNIQUE_CHECKS, UNIQUE_CHECKS=0 */;
/*!40014 SET @OLD_FOREIGN_KEY_CHECKS=@@FOREIGN_KEY_CHECKS, FOREIGN_KEY_CHECKS=0 */;
/*!40101 SET @OLD_SQL_MODE=@@SQL_MODE, SQL_MODE='NO_AUTO_VALUE_ON_ZERO' */;
/*!40111 SET @OLD_SQL_NOTES=@@SQL_NOTES, SQL_NOTES=0 */;

--
-- Table structure for table `frequences`
--

DROP TABLE IF EXISTS `frequences`;
/*!40101 SET @saved_cs_client     = @@character_set_client */;
/*!40101 SET character_set_client = utf8 */;
CREATE TABLE `frequences` (
  `mot` int(11) DEFAULT NULL,
  `theme` int(11) DEFAULT NULL,
  `frequence` int(255) DEFAULT '1',
  KEY `mot_freq` (`mot`),
  KEY `theme_freq` (`theme`),
  CONSTRAINT `mot_freq` FOREIGN KEY (`mot`) REFERENCES `word` (`id`) ON DELETE CASCADE,
  CONSTRAINT `theme_freq` FOREIGN KEY (`theme`) REFERENCES `themes` (`id`) ON DELETE CASCADE
) ENGINE=InnoDB DEFAULT CHARSET=latin1;
/*!40101 SET character_set_client = @saved_cs_client */;

--
-- Dumping data for table `frequences`
--

LOCK TABLES `frequences` WRITE;
/*!40000 ALTER TABLE `frequences` DISABLE KEYS */;
INSERT INTO `frequences` VALUES (317,16,5),(134,16,24),(323,16,29),(132,16,54),(333,16,2),(315,16,3),(334,16,1),(335,16,4),(336,16,7),(117,16,42),(254,16,13),(337,16,2),(338,16,14),(339,16,1),(340,16,1),(265,16,13),(341,16,1),(342,16,1),(343,16,1),(116,16,3),(243,16,23),(344,16,4),(345,16,2),(346,16,11),(347,16,3),(165,16,6),(348,16,1),(349,16,1),(180,16,33),(350,16,1),(351,16,8),(352,16,1),(353,16,1),(214,16,14),(354,16,1),(355,16,1),(142,16,19),(356,16,1),(357,16,6),(250,16,19),(358,16,1),(359,16,6),(360,16,3),(361,16,1),(126,16,9),(362,16,1),(363,16,3),(364,16,2),(148,16,1),(157,16,6),(225,16,4),(365,16,2),(366,16,1),(367,16,1),(368,16,1),(178,16,19),(369,16,1),(299,16,5),(370,16,17),(371,16,1),(372,16,3),(373,16,1),(374,16,2),(375,16,1),(376,16,15),(377,16,1),(378,16,2),(379,16,3),(161,16,2),(380,16,7),(107,16,28),(381,16,1),(382,16,2),(286,16,10),(383,16,14),(384,16,1),(385,16,1),(156,16,12),(386,16,9),(387,16,1),(388,16,1),(136,16,3),(389,16,1),(232,16,2),(162,16,2),(390,16,3),(159,16,3),(391,16,1),(141,16,6),(392,16,2),(129,16,14),(393,16,1),(118,16,1),(394,16,1),(395,16,5),(186,16,1),(396,16,1),(397,16,1),(398,16,1),(399,16,1),(400,16,2),(401,16,3),(402,16,11),(403,16,1),(404,16,1),(405,16,1),(406,16,1),(407,16,5),(408,16,13),(409,16,3),(410,16,4),(411,16,1),(412,16,2),(413,16,1),(414,16,1),(415,16,1),(416,16,1),(417,16,1),(418,16,1),(419,16,1),(266,16,4),(276,16,3),(420,16,1),(113,16,2),(152,16,5),(421,16,1),(422,16,1),(423,16,1),(424,16,1),(168,16,6),(425,16,2),(426,16,1),(201,16,14),(427,16,1),(428,16,8),(429,16,1),(430,16,1),(431,16,4),(432,16,1),(433,16,1),(434,16,1),(435,16,2),(436,16,1),(437,16,1),(438,16,4),(439,16,5),(440,16,1),(441,16,4),(442,16,1),(155,16,12),(300,16,1),(443,16,1),(198,16,2),(444,16,1),(445,16,1),(446,16,1),(447,16,4),(448,16,2),(449,16,1),(450,16,1),(211,16,18),(451,16,1),(452,16,1),(453,16,3),(208,16,4),(310,16,4),(454,16,1),(455,16,1),(456,16,3),(457,16,1),(458,16,1),(459,16,1),(460,16,2),(461,16,1),(462,16,1),(167,16,9),(463,16,1),(464,16,1),(465,16,1),(466,16,1),(467,16,1),(468,16,1),(469,16,3),(470,16,2),(471,16,1),(472,16,1),(473,16,1),(288,16,2),(274,16,7),(474,16,1),(475,16,2),(476,16,1),(477,16,1),(279,16,11),(478,16,1),(479,16,1),(480,16,3),(481,16,1),(482,16,1),(483,16,1),(484,16,1),(217,16,2),(485,16,3),(486,16,1),(487,16,1),(488,16,4),(489,16,1),(490,16,2),(491,16,2),(492,16,1),(493,16,1),(494,16,1),(495,16,1),(496,16,2),(497,16,1),(498,16,1),(499,16,1),(500,16,1),(501,16,1),(233,16,1),(120,16,2),(502,16,3),(503,16,1),(297,16,1),(504,16,1),(505,16,2),(506,16,1),(507,16,2),(508,16,3),(509,16,1),(510,16,1),(511,16,1),(512,16,1),(513,16,1),(207,16,2),(514,16,1),(515,16,1),(516,16,1),(517,16,4),(518,16,1),(519,16,2),(520,16,1),(521,16,1),(522,16,1),(321,16,3),(523,16,1),(524,16,1),(525,16,1),(526,16,1),(527,16,2),(528,16,2),(203,16,4),(529,16,1),(530,16,3),(531,16,2),(532,16,4),(533,16,3),(534,16,2),(535,16,2),(536,16,2),(537,16,1),(538,16,1),(539,16,1),(540,16,5),(111,16,12),(541,16,1),(542,16,1),(543,16,2),(544,16,1),(545,16,2),(546,16,1),(547,16,2),(548,16,1),(549,16,1),(550,16,1),(551,16,1),(552,16,1),(205,16,1),(153,16,2),(553,16,1),(554,16,1),(555,16,1),(556,16,1),(557,16,3),(558,16,1),(559,16,1),(560,16,1),(561,16,15),(562,16,4),(563,16,5),(564,16,2),(565,16,1),(566,16,2),(169,16,1),(567,16,2),(568,16,1),(569,16,1),(570,16,1),(571,16,1),(572,16,2),(573,16,1),(574,16,1),(175,16,9),(575,16,1),(576,16,2),(577,16,1),(578,16,1),(579,16,1),(580,16,1),(581,16,1),(582,16,1),(197,16,2),(583,16,10),(584,16,1),(585,16,2),(586,16,1),(587,16,3),(588,16,2),(589,16,1),(590,16,2),(591,16,2),(592,16,1),(224,16,4),(318,16,1),(593,16,4),(594,16,8),(595,16,1),(596,16,1),(597,16,2),(598,16,1),(599,16,4),(600,16,2),(601,16,3),(602,16,4),(144,16,3),(603,16,1),(604,16,1),(196,16,3),(605,16,1),(606,16,1),(607,16,4),(119,16,2),(187,16,1),(608,16,1),(609,16,1),(610,16,2),(611,16,3),(612,16,1),(613,16,1),(614,16,1),(615,16,1),(259,16,1),(616,16,1),(617,16,6),(618,16,2),(191,16,4),(619,16,2),(620,16,2),(621,16,1),(622,16,3),(623,16,5),(624,16,1),(625,16,2),(626,16,1),(267,16,1),(627,16,2),(295,16,2),(296,16,1),(628,16,1),(629,16,1),(630,16,1),(631,16,1),(632,16,1),(633,16,1),(634,16,1),(268,16,2),(305,16,1),(635,16,1),(636,16,1),(637,16,1),(638,16,1),(639,16,2),(640,16,2),(332,16,1),(641,16,1),(227,16,1),(642,16,1),(643,16,1),(644,16,1),(645,16,1),(646,16,1),(647,16,1),(648,16,1),(649,16,1),(650,16,1),(651,16,1),(652,16,1),(221,16,2),(653,16,1),(654,16,1),(655,16,1),(656,16,1),(194,16,2),(657,16,1),(658,16,1),(659,16,5),(660,16,4),(661,16,1),(273,16,1),(662,16,1),(663,16,2),(664,16,1),(665,16,1),(666,16,1),(667,16,1),(668,16,1),(669,16,1),(670,16,1),(671,16,1),(672,16,1),(673,16,1),(112,16,1),(674,16,1),(675,16,1),(676,16,1),(677,16,1),(678,16,1),(679,16,2),(680,16,1),(681,16,1),(682,16,1),(261,16,1),(683,16,1),(684,16,1),(262,16,3),(685,16,1),(686,16,1),(687,16,1),(219,16,1),(688,16,1),(689,16,1),(690,16,1),(691,16,1),(692,16,1),(693,16,1),(694,16,1),(695,16,1),(696,16,2),(697,16,1),(698,16,1),(699,16,1),(700,16,1),(701,16,1),(702,16,1),(301,16,1),(703,16,1),(704,16,1),(316,16,1),(705,16,1),(706,16,1),(707,16,1),(708,16,1),(709,16,1),(176,16,1),(710,16,1),(711,16,1),(712,16,1),(713,16,1),(714,16,1),(715,16,1),(716,16,1),(717,16,1),(718,16,1),(719,16,1),(140,16,1),(720,16,1),(721,16,1),(722,16,1),(723,16,1),(724,16,1),(725,16,1),(726,16,1),(727,16,1),(728,16,1),(729,16,1),(730,16,1),(731,16,1),(732,16,1),(733,16,1),(734,16,1),(735,16,1),(736,16,1),(737,16,1),(738,16,1),(739,16,1),(740,16,1),(195,16,1),(741,16,1),(742,16,1),(743,16,1),(744,16,1),(745,16,3),(746,16,1),(747,16,1),(748,16,1),(749,16,1),(750,16,1),(751,16,1),(752,16,1),(753,16,1),(754,16,1),(755,16,2),(756,16,1),(757,16,6),(758,16,1),(759,16,1),(760,16,2),(761,16,1),(762,16,1),(763,16,1),(764,16,1),(765,16,1),(766,16,1),(767,16,1),(768,16,1),(769,16,1),(770,16,2),(771,16,1),(772,16,2),(773,16,1),(774,16,1),(775,16,1),(776,16,1),(777,16,2),(778,16,1),(779,16,1),(780,16,1),(781,16,1),(782,16,1),(783,16,1),(784,16,1),(785,16,1),(786,16,1),(787,16,1),(788,16,1),(789,16,1),(790,16,1),(791,16,1),(792,16,1),(793,16,1),(794,16,1),(795,16,1),(796,16,1),(797,16,1),(798,16,1),(799,16,1),(800,16,1),(801,16,1),(802,16,1),(190,16,1),(803,16,1),(804,16,1),(805,16,1),(806,16,2),(807,16,1),(808,16,1),(809,16,1),(810,16,1),(811,16,2),(812,16,1),(813,16,1),(308,16,1),(814,16,1),(815,16,1),(816,16,1),(817,16,1),(818,16,1),(819,16,1),(820,16,1),(821,16,1),(822,16,1),(823,16,1),(824,16,1),(825,16,1),(826,16,1),(827,16,1),(828,16,1),(829,16,1),(311,16,1),(830,16,1),(831,16,1),(121,17,9),(107,17,8),(122,17,4),(123,17,3),(324,17,1),(125,17,1),(126,17,4),(127,17,1),(325,17,2),(129,17,5),(326,17,1),(308,17,6),(132,17,31),(133,17,2),(134,17,4),(135,17,1),(136,17,3),(137,17,1),(112,17,1),(138,17,1),(139,17,1),(140,17,2),(141,17,11),(142,17,10),(143,17,1),(144,17,3),(145,17,1),(146,17,5),(147,17,3),(148,17,1),(149,17,2),(150,17,1),(151,17,1),(152,17,4),(153,17,4),(154,17,1),(155,17,4),(156,17,1),(157,17,2),(158,17,2),(159,17,1),(327,17,1),(161,17,1),(162,17,2),(163,17,1),(164,17,1),(165,17,7),(166,17,1),(167,17,25),(168,17,4),(169,17,2),(170,17,1),(171,17,2),(172,17,2),(173,17,1),(174,17,1),(175,17,16),(117,17,18),(176,17,2),(328,17,1),(178,17,8),(179,17,1),(180,17,14),(329,17,1),(182,17,2),(183,17,1),(184,17,1),(185,17,1),(186,17,1),(187,17,1),(188,17,2),(189,17,1),(190,17,2),(111,17,4),(191,17,2),(192,17,1),(193,17,1),(194,17,2),(195,17,1),(196,17,1),(197,17,1),(198,17,3),(330,17,1),(200,17,1),(201,17,11),(202,17,2),(203,17,2),(204,17,1),(205,17,1),(206,17,1),(207,17,3),(208,17,5),(209,17,1),(210,17,1),(211,17,7),(331,17,1),(213,17,2),(214,17,3),(215,17,5),(317,17,2),(217,17,1),(113,17,6),(218,17,1),(219,17,1),(220,17,1),(221,17,1),(332,17,1),(223,17,1),(224,17,1),(225,17,2),(226,17,1),(227,17,1),(232,17,1),(233,17,1),(234,17,1),(235,17,1),(242,17,1),(243,17,13),(244,17,1),(245,17,1),(246,17,2),(247,17,1),(248,17,1),(249,17,1),(250,17,2),(251,17,1),(252,17,1),(253,17,8),(119,17,5),(254,17,6),(255,17,2),(256,17,2),(257,17,1),(258,17,1),(259,17,1),(260,17,3),(261,17,1),(262,17,1),(263,17,2),(264,17,1),(265,17,2),(266,17,4),(267,17,1),(268,17,2),(269,17,1),(270,17,1),(271,17,1),(272,17,1),(273,17,1),(274,17,4),(275,17,2),(276,17,1),(277,17,1),(278,17,1),(279,17,5),(280,17,1),(281,17,1),(282,17,1),(283,17,1),(284,17,1),(285,17,1),(286,17,1),(287,17,1),(288,17,2),(289,17,1),(290,17,1),(291,17,1),(292,17,1),(293,17,1),(294,17,1),(295,17,1),(296,17,2),(297,17,1),(298,17,1),(299,17,1),(300,17,1),(301,17,1),(302,17,2),(303,17,2),(304,17,1),(305,17,2),(306,17,3),(307,17,2),(309,17,2),(310,17,3),(311,17,3),(312,17,1),(313,17,1),(314,17,1),(315,17,2),(316,17,1),(318,17,1),(319,17,1),(320,17,1),(321,17,1),(322,17,1),(323,17,2),(832,17,1),(833,17,1),(383,17,2),(441,17,2),(338,17,6),(834,17,1),(627,17,1),(663,17,1),(615,17,1),(835,17,1),(836,17,1),(837,17,1),(502,17,1),(838,17,1),(568,17,1),(839,17,2),(840,17,3),(841,17,1),(120,17,1),(842,17,4),(400,17,4),(843,17,1),(844,17,1),(845,17,2),(846,17,1),(847,17,1),(848,17,1),(849,17,1),(850,17,1),(851,17,1),(344,17,1),(852,17,3),(853,17,2),(854,17,2),(855,17,1),(856,17,1),(857,17,1),(858,17,2),(859,17,2),(860,17,2),(861,17,2),(862,17,2),(532,17,2),(863,17,1),(864,17,1),(415,17,2),(865,17,1),(337,17,1),(866,17,1),(867,17,4),(403,17,1),(868,17,1),(869,17,1),(870,17,1),(871,17,2),(410,17,2),(872,17,1),(873,17,2),(874,17,1),(875,17,1),(544,17,1),(626,17,1),(876,17,1),(877,17,1),(606,17,1),(878,17,1),(879,17,3),(880,17,1),(881,17,1),(761,17,2),(882,17,1),(883,17,1),(884,17,1),(885,17,1),(372,17,1),(886,17,1),(887,17,1),(888,17,1),(889,17,2),(890,17,1),(891,17,1),(892,17,1),(893,17,1),(894,17,1),(342,17,1),(895,17,1),(896,17,1),(897,17,1),(898,17,1),(899,17,1),(900,17,1),(583,17,3),(901,17,1),(624,17,1),(902,17,2),(903,17,2),(540,17,2),(904,17,1),(809,17,2),(458,17,2),(905,17,1),(906,17,2),(907,17,1),(908,17,1),(909,17,1),(910,17,1),(911,17,1),(719,17,1),(912,17,1),(913,17,1),(460,17,1),(914,17,1),(618,17,1),(915,17,1),(916,17,1),(917,17,1),(376,17,1),(918,17,1),(919,17,1),(117,18,21),(383,18,7),(441,18,1),(920,18,5),(132,18,30),(921,18,1),(129,18,5),(772,18,2),(602,18,4),(370,18,7),(663,18,3),(922,18,1),(923,18,1),(321,18,2),(924,18,1),(157,18,5),(925,18,1),(469,18,4),(250,18,13),(167,18,11),(926,18,1),(141,18,2),(927,18,1),(678,18,1),(363,18,13),(180,18,23),(644,18,1),(214,18,4),(323,18,3),(928,18,9),(107,18,13),(736,18,1),(929,18,1),(511,18,1),(930,18,1),(279,18,6),(931,18,1),(932,18,1),(243,18,10),(310,18,4),(933,18,1),(126,18,6),(934,18,2),(540,18,2),(935,18,1),(407,18,2),(336,18,1),(155,18,3),(225,18,9),(265,18,3),(211,18,7),(719,18,1),(534,18,1),(144,18,7),(936,18,1),(583,18,3),(937,18,1),(938,18,1),(939,18,1),(479,18,3),(940,18,1),(165,18,5),(417,18,1),(941,18,1),(178,18,8),(942,18,1),(431,18,1),(943,18,2),(197,18,1),(168,18,1),(254,18,2),(944,18,1),(201,18,5),(945,18,1),(946,18,1),(947,18,2),(948,18,1),(568,18,2),(949,18,1),(368,18,1),(950,18,1),(951,18,1),(274,18,3),(952,18,4),(953,18,1),(954,18,2),(112,18,2),(955,18,1),(956,18,1),(957,18,1),(958,18,1),(959,18,1),(960,18,1),(961,18,1),(587,18,1),(398,18,1),(962,18,1),(963,18,1),(205,18,3),(732,18,2),(964,18,1),(142,18,10),(864,18,1),(965,18,3),(311,18,4),(296,18,1),(111,18,6),(966,18,1),(209,18,1),(175,18,9),(967,18,1),(968,18,1),(969,18,2),(970,18,1),(543,18,1),(544,18,1),(286,18,1),(412,18,3),(971,18,2),(972,18,1),(532,18,1),(848,18,1),(622,18,2),(364,18,1),(576,18,1),(973,18,1),(184,18,1),(185,18,1),(338,18,8),(434,18,1),(138,18,4),(164,18,3),(974,18,2),(176,18,1),(975,18,1),(976,18,1),(366,18,3),(119,18,2),(977,18,2),(152,18,4),(978,18,1),(979,18,1),(980,18,1),(981,18,2),(982,18,3),(293,18,1),(567,18,1),(134,18,3),(983,18,1),(984,18,1),(985,18,1),(187,18,3),(408,18,2),(986,18,1),(987,18,1),(156,18,1),(988,18,1),(266,18,2),(661,18,1),(989,18,1),(693,18,1),(990,18,1),(376,18,3),(735,18,1),(439,18,1),(991,18,1),(992,18,1),(357,18,1),(993,18,1),(994,18,1),(851,18,3),(459,18,1),(858,18,1),(460,18,1),(760,18,1),(456,18,1),(838,18,1),(422,18,1),(995,18,1),(996,18,1),(879,18,1),(997,18,1),(998,18,1),(288,18,1),(999,18,1),(1000,18,2),(1001,18,2),(1002,18,2),(695,18,1),(1003,18,1),(1004,18,1),(263,18,1),(207,18,2),(1005,18,1),(380,18,1),(276,18,1),(885,18,1),(1006,18,1),(807,18,3),(191,18,2),(1007,18,1),(262,18,3),(273,18,1),(619,18,2),(1008,18,1),(913,18,1),(1009,18,2),(533,18,2),(813,18,2),(1010,18,1),(1011,18,1),(1012,18,1),(401,18,1),(517,18,2),(1013,18,1),(1014,18,1),(118,18,2),(515,18,2),(1015,18,2),(1016,18,1),(1017,18,1),(198,18,1),(308,18,2),(1018,18,1),(153,18,3),(1019,18,2),(1020,18,3),(226,18,1),(1021,18,1),(1022,18,1),(1023,18,1),(136,18,3),(1024,18,1),(565,18,1),(1025,18,1),(862,18,1),(1026,18,1),(1027,18,2),(415,18,2),(545,18,1),(1028,18,1),(1029,18,1),(161,18,1),(820,18,1),(562,18,1),(1030,18,1),(309,18,1),(1031,18,1),(480,18,1),(727,18,2),(1032,18,1),(1033,18,1),(461,18,1),(1034,18,1),(343,18,1),(1035,18,1),(659,18,1),(1036,18,1),(315,18,2),(208,18,1),(1037,18,1),(400,18,1),(1038,18,1),(1039,18,1),(1040,18,1),(1041,18,1),(162,18,1),(884,18,1),(1042,18,1),(1043,18,1),(1044,18,1),(615,18,1),(1045,18,1),(1046,18,1),(1047,18,1),(1048,18,1),(1049,18,1),(626,18,1),(1050,18,1),(1051,18,1),(628,18,1),(193,18,1),(1052,18,1),(1053,18,2),(122,18,1),(1054,18,1),(1055,18,1),(1056,18,1),(1057,18,1),(145,18,1),(662,18,1),(1058,18,2),(1059,18,1),(1060,18,1),(305,18,1),(711,18,1),(1061,18,1),(1062,18,1),(1063,18,1),(183,18,1),(1064,18,1),(440,18,1),(1065,18,1),(359,18,1),(1066,18,1),(871,18,1),(476,18,1),(1067,19,9),(107,19,10),(911,19,1),(140,19,2),(141,19,2),(254,19,5),(142,19,17),(1068,19,2),(243,19,7),(1004,19,3),(180,19,16),(602,19,2),(777,19,5),(1056,19,4),(376,19,9),(1069,19,2),(129,19,5),(1070,19,1),(1071,19,4),(1072,19,1),(117,19,9),(1073,19,1),(359,19,2),(1074,19,1),(1075,19,1),(189,19,1),(132,19,27),(317,19,1),(1076,19,1),(305,19,1),(1077,19,4),(863,19,3),(201,19,5),(484,19,2),(250,19,8),(175,19,14),(1078,19,6),(1079,19,5),(202,19,1),(1080,19,1),(1081,19,1),(383,19,2),(1082,19,1),(1083,19,1),(144,19,4),(1084,19,1),(165,19,4),(1085,19,1),(1047,19,1),(1086,19,1),(302,19,4),(540,19,2),(851,19,2),(157,19,1),(1087,19,1),(191,19,1),(273,19,2),(111,19,8),(776,19,1),(214,19,5),(158,19,1),(480,19,1),(194,19,2),(338,19,3),(1088,19,1),(1049,19,1),(1089,19,1),(168,19,3),(871,19,1),(153,19,4),(476,19,1),(330,19,1),(1090,19,1),(1091,19,2),(119,19,3),(772,19,2),(1092,19,2),(207,19,3),(1093,19,4),(155,19,5),(561,19,1),(178,19,12),(167,19,11),(836,19,1),(164,19,2),(1094,19,2),(1095,19,1),(122,19,3),(532,19,9),(1096,19,1),(567,19,1),(839,19,1),(840,19,1),(1097,19,1),(525,19,1),(1000,19,2),(852,19,1),(309,19,2),(1098,19,9),(1099,19,1),(1100,19,1),(1101,19,1),(315,19,1),(1102,19,1),(274,19,2),(1103,19,1),(1104,19,1),(211,19,4),(1105,19,1),(1106,19,6),(956,19,1),(1107,19,1),(1108,19,1),(1109,19,1),(1110,19,1),(441,19,2),(1111,19,3),(307,19,2),(1112,19,3),(1113,19,1),(1114,19,1),(198,19,4),(1115,19,1),(395,19,2),(1116,19,1),(272,19,1),(598,19,3),(599,19,2),(1117,19,1),(1118,19,1),(1119,19,2),(565,19,2),(1120,19,2),(116,19,1),(396,19,1),(152,19,2),(1121,19,1),(1122,19,1),(294,19,1),(136,19,6),(1123,19,1),(279,19,3),(308,19,3),(841,19,1),(1124,19,1),(1125,19,1),(1126,19,1),(1127,19,2),(343,19,1),(1027,19,1),(403,19,1),(1128,19,1),(563,19,1),(562,19,2),(1129,19,2),(1130,19,3),(1131,19,1),(1132,19,2),(584,19,2),(188,19,1),(161,19,1),(1133,19,2),(1134,19,1),(469,19,1),(134,19,3),(530,19,1),(531,19,1),(1019,19,4),(263,19,3),(1135,19,1),(1136,19,1),(1137,19,1),(1138,19,1),(1139,19,1),(262,19,4),(1140,19,1),(1141,19,2),(1142,19,1),(421,19,1),(890,19,1),(1143,19,1),(1015,19,1),(1144,19,1),(1145,19,1),(1146,19,1),(1147,19,1),(1148,19,1),(536,19,1),(517,19,1),(266,19,1),(1149,19,1),(1150,19,1),(208,19,1),(1151,19,1),(864,19,2),(159,19,2),(970,19,1),(1152,19,1),(156,19,1),(380,19,1),(1153,19,1),(1154,19,1),(1155,19,1),(1156,19,1),(1157,19,1),(1158,19,1),(680,19,1),(1159,19,1),(1160,19,2),(580,19,2),(488,19,1),(323,19,1),(1061,19,1),(1062,19,1),(1161,19,1),(1162,19,1),(1163,19,1),(1164,19,1),(557,19,1),(288,19,1),(1165,19,1),(1166,19,1),(195,19,1),(1167,19,1),(183,19,1),(1168,19,1),(669,19,1),(1169,19,1),(838,19,1),(1170,19,2),(1171,19,1),(1172,19,1),(1046,19,1),(1053,19,2),(1173,19,1),(1174,19,1),(1175,19,1),(1176,19,1),(718,19,1),(113,19,1),(224,19,1),(1177,19,1),(314,19,1),(1178,19,1),(1179,19,1),(1045,19,1),(616,19,1),(1058,19,2),(1180,19,1),(662,19,1),(866,19,1),(408,19,1),(955,19,1),(914,19,1),(1064,19,1),(141,20,11),(254,20,7),(933,20,1),(1141,20,1),(1181,20,1),(214,20,8),(1182,20,1),(286,20,12),(346,20,19),(132,20,18),(540,20,3),(1157,20,1),(1183,20,1),(117,20,19),(178,20,3),(168,20,3),(1184,20,1),(323,20,8),(1185,20,1),(1186,20,1),(862,20,2),(1187,20,1),(157,20,4),(710,20,1),(1188,20,1),(565,20,6),(1065,20,2),(129,20,9),(1189,20,4),(690,20,2),(1190,20,1),(1191,20,1),(152,20,3),(167,20,20),(1192,20,1),(376,20,9),(544,20,1),(308,20,6),(1193,20,1),(144,20,2),(1194,20,1),(694,20,1),(1195,20,7),(1196,20,1),(499,20,11),(211,20,4),(1197,20,1),(797,20,1),(746,20,1),(1198,20,1),(1199,20,1),(136,20,6),(956,20,1),(1200,20,1),(585,20,2),(1201,20,3),(165,20,7),(1202,20,1),(122,20,1),(243,20,4),(429,20,1),(142,20,10),(1203,20,3),(1204,20,2),(408,20,2),(1205,20,1),(1206,20,1),(1207,20,1),(1208,20,1),(1209,20,1),(1210,20,1),(402,20,1),(786,20,3),(587,20,1),(203,20,1),(1211,20,4),(1018,20,1),(176,20,1),(1212,20,1),(305,20,3),(1093,20,1),(1213,20,1),(295,20,1),(296,20,1),(555,20,4),(262,20,3),(1214,20,3),(626,20,5),(1215,20,2),(1216,20,2),(111,20,5),(1217,20,1),(1218,20,1),(1219,20,1),(1220,20,2),(1221,20,1),(175,20,4),(265,20,2),(107,20,7),(276,20,2),(1222,20,1),(1021,20,1),(1223,20,2),(1148,20,2),(158,20,1),(1224,20,1),(198,20,1),(1022,20,1),(607,20,1),(1225,20,2),(1226,20,1),(1227,20,1),(1228,20,1),(1229,20,1),(333,20,1),(1230,20,1),(1231,20,1),(372,20,4),(1232,20,1),(1233,20,1),(134,20,7),(411,20,1),(1234,20,1),(1235,20,1),(1236,20,1),(871,20,1),(720,20,2),(1237,20,1),(1238,20,2),(410,20,2),(1044,20,1),(1160,20,1),(258,20,1),(817,20,1),(351,20,1),(1239,20,2),(1240,20,2),(1241,20,1),(1242,20,1),(307,20,2),(532,20,2),(1243,20,2),(1244,20,1),(180,20,15),(1245,20,1),(1246,20,1),(479,20,4),(1247,20,1),(155,20,5),(884,20,1),(970,20,2),(338,20,10),(1248,20,1),(1249,20,3),(1250,20,1),(344,20,1),(112,20,1),(1251,20,1),(1252,20,1),(1253,20,1),(1001,20,2),(1254,20,1),(1255,20,1),(348,20,1),(487,20,1),(1256,20,1),(712,20,1),(467,20,1),(1257,20,1),(1258,20,1),(395,20,2),(627,20,2),(250,20,2),(872,20,1),(1259,20,2),(279,20,5),(476,20,1),(1260,20,1),(1261,20,1),(1262,20,1),(1263,20,1),(1264,20,1),(1153,20,2),(1265,20,1),(1015,20,3),(1266,20,5),(343,20,1),(225,20,3),(853,20,1),(583,20,1),(378,20,2),(332,20,1),(183,20,1),(599,20,1),(364,20,2),(1267,20,1),(1268,20,2),(1269,20,1),(428,20,1),(120,20,1),(1270,20,1),(412,20,2),(1271,20,1),(972,20,1),(535,20,1),(1272,20,1),(1273,20,1),(1274,20,2),(1275,20,1),(1276,20,1),(1277,20,1),(116,20,1),(1278,20,1),(721,20,1),(331,20,1),(1279,20,1),(1280,20,1),(1281,20,1),(851,20,1),(1282,20,1),(1058,20,1),(1283,20,1),(1284,20,1),(201,20,2),(1285,20,1),(1286,20,1),(359,20,1),(1287,20,1),(528,20,1),(321,20,2),(1288,20,1),(207,20,1),(145,20,1),(208,20,2),(552,20,1),(126,20,2),(1289,20,1),(1290,20,1),(1291,20,1),(488,20,1),(263,20,1),(567,20,2),(1292,20,1),(945,20,1),(1293,20,1),(1294,20,1),(447,20,1),(1124,20,1),(441,20,2),(1295,20,2),(1296,20,1),(194,20,3),(1297,20,2),(649,20,1),(589,20,2),(590,20,2),(1298,20,1),(1299,20,1),(188,20,1),(1176,20,1),(1300,20,1),(1301,20,1),(288,20,2),(1302,20,1),(1303,20,1),(314,20,1),(360,20,4),(383,20,2),(841,20,1),(1304,20,1),(1305,20,1),(309,20,2),(1306,20,1),(1307,20,1),(508,20,1),(1308,20,1),(1309,20,1),(1310,20,1),(119,20,1),(1311,20,1),(1312,20,1),(1313,20,1),(936,20,1),(1314,20,1),(1315,20,1),(1316,20,1),(1043,20,1),(1317,20,1),(1318,20,1),(1319,20,1),(1320,20,1),(274,20,1),(534,20,1),(1321,20,1),(1322,20,1);
/*!40000 ALTER TABLE `frequences` ENABLE KEYS */;
UNLOCK TABLES;

--
-- Table structure for table `intervals`
--

DROP TABLE IF EXISTS `intervals`;
/*!40101 SET @saved_cs_client     = @@character_set_client */;
/*!40101 SET character_set_client = utf8 */;
CREATE TABLE `intervals` (
  `id` int(100) NOT NULL AUTO_INCREMENT,
  `bottom` float DEFAULT NULL,
  `top` float DEFAULT NULL,
  `mot` int(255) DEFAULT NULL,
  `theme` int(255) DEFAULT NULL,
  PRIMARY KEY (`id`),
  UNIQUE KEY `id` (`id`),
  KEY `mot_ic` (`mot`),
  KEY `theme_ic` (`theme`),
  CONSTRAINT `mot_ic` FOREIGN KEY (`mot`) REFERENCES `word` (`id`) ON DELETE CASCADE,
  CONSTRAINT `theme_ic` FOREIGN KEY (`theme`) REFERENCES `themes` (`id`) ON DELETE CASCADE
) ENGINE=InnoDB AUTO_INCREMENT=16 DEFAULT CHARSET=latin1;
/*!40101 SET character_set_client = @saved_cs_client */;

--
-- Dumping data for table `intervals`
--

LOCK TABLES `intervals` WRITE;
/*!40000 ALTER TABLE `intervals` DISABLE KEYS */;
/*!40000 ALTER TABLE `intervals` ENABLE KEYS */;
UNLOCK TABLES;

--
-- Temporary table structure for view `plain`
--

DROP TABLE IF EXISTS `plain`;
/*!50001 DROP VIEW IF EXISTS `plain`*/;
SET @saved_cs_client     = @@character_set_client;
SET character_set_client = utf8;
/*!50001 CREATE VIEW `plain` AS SELECT 
 1 AS `Mot`,
 1 AS `Nom`,
 1 AS `Freq`*/;
SET character_set_client = @saved_cs_client;

--
-- Table structure for table `themes`
--

DROP TABLE IF EXISTS `themes`;
/*!40101 SET @saved_cs_client     = @@character_set_client */;
/*!40101 SET character_set_client = utf8 */;
CREATE TABLE `themes` (
  `id` int(11) NOT NULL AUTO_INCREMENT,
  `nom` varchar(30) DEFAULT NULL,
  PRIMARY KEY (`id`),
  KEY `mot_freq` (`nom`)
) ENGINE=InnoDB AUTO_INCREMENT=21 DEFAULT CHARSET=latin1;
/*!40101 SET character_set_client = @saved_cs_client */;

--
-- Dumping data for table `themes`
--

LOCK TABLES `themes` WRITE;
/*!40000 ALTER TABLE `themes` DISABLE KEYS */;
INSERT INTO `themes` VALUES (19,'egoisme'),(18,'jalousie'),(17,'pardon'),(20,'routine'),(16,'sexualite');
/*!40000 ALTER TABLE `themes` ENABLE KEYS */;
UNLOCK TABLES;

--
-- Temporary table structure for view `total`
--

DROP TABLE IF EXISTS `total`;
/*!50001 DROP VIEW IF EXISTS `total`*/;
SET @saved_cs_client     = @@character_set_client;
SET character_set_client = utf8;
/*!50001 CREATE VIEW `total` AS SELECT 
 1 AS `Theme`,
 1 AS `n`*/;
SET character_set_client = @saved_cs_client;

--
-- Table structure for table `word`
--

DROP TABLE IF EXISTS `word`;
/*!40101 SET @saved_cs_client     = @@character_set_client */;
/*!40101 SET character_set_client = utf8 */;
CREATE TABLE `word` (
  `id` int(11) NOT NULL AUTO_INCREMENT,
  `mot` varchar(26) DEFAULT NULL,
  PRIMARY KEY (`id`),
  UNIQUE KEY `mot` (`mot`)
) ENGINE=InnoDB AUTO_INCREMENT=1323 DEFAULT CHARSET=latin1;
/*!40101 SET character_set_client = @saved_cs_client */;

--
-- Dumping data for table `word`
--

LOCK TABLES `word` WRITE;
/*!40000 ALTER TABLE `word` DISABLE KEYS */;
INSERT INTO `word` VALUES (132,'a'),(953,'abandonné'),(581,'accéder'),(703,'accepter'),(550,'accpte'),(843,'accumul'),(833,'accumulation'),(453,'acqui'),(989,'acquis'),(806,'act'),(1109,'action'),(1314,'activité'),(436,'adminitratifs'),(905,'adopt'),(828,'âg'),(1176,'agir'),(1112,'agit'),(621,'aill'),(934,'ailleur'),(309,'aim'),(1130,'aimé'),(351,'aimerait'),(1279,'ainduit'),(288,'ainsi'),(700,'alimentera'),(1097,'aller'),(583,'alor'),(285,'alorplus'),(1119,'altruist'),(418,'amant'),(823,'améliorer'),(537,'aménagement'),(846,'ami'),(365,'amouruse'),(506,'ancré'),(709,'angoiss'),(993,'angoissé'),(1219,'anim'),(987,'anné'),(849,'annivrsaire'),(767,'anormal'),(144,'ans'),(463,'apais'),(1225,'appartiennent'),(1255,'apportera'),(556,'apprécierait'),(714,'apprndre'),(986,'aprè'),(312,'arrêter'),(770,'arriv'),(945,'assez'),(754,'atout'),(461,'attachement'),(1170,'attentif'),(1242,'attirent'),(906,'attitud'),(597,'attnte'),(376,'au'),(258,'aucun'),(799,'augmenter'),(578,'auquel'),(994,'aura'),(276,'aussi'),(195,'autant'),(1011,'autonom'),(315,'autr'),(407,'aux'),(827,'avanc'),(536,'avant'),(753,'avantag'),(165,'avec'),(842,'avezvou'),(161,'avoir'),(850,'avon'),(1113,'ayant'),(617,'baiss'),(404,'banal'),(350,'banalité'),(1039,'battr'),(729,'beau'),(423,'beaucoup'),(218,'bénéfiqu'),(931,'besoin'),(235,'bibliqu'),(116,'bien'),(881,'bienveillant'),(1276,'binêtre'),(1100,'binveillante'),(856,'blesés'),(913,'blessé'),(840,'blsse'),(631,'blssure'),(871,'bon'),(693,'bonn'),(1206,'boulot'),(520,'boulverse'),(756,'bout'),(667,'braquer'),(927,'briser'),(779,'brne'),(1107,'but'),(198,'c'),(120,'ca'),(1226,'café'),(549,'calm'),(272,'capacité'),(305,'car'),(574,'caractéritiqus'),(615,'caus'),(125,'causé'),(106,'ceci'),(208,'cela'),(564,'célibatair'),(140,'celui'),(980,'celuici'),(938,'cénarios'),(640,'central'),(829,'cependant'),(717,'cerner'),(428,'certain'),(287,'cessent'),(119,'cest'),(807,'chacun'),(497,'chang'),(499,'changement'),(1239,'changer'),(585,'chaqu'),(795,'charnlle'),(1190,'chémas'),(819,'cherchant'),(622,'chercher'),(563,'chez'),(626,'chos'),(176,'chrche'),(976,'ciment'),(1020,'clef'),(316,'clle'),(776,'cntre'),(1045,'colèr'),(359,'comm'),(447,'comment'),(988,'commun'),(679,'communication'),(624,'communiquer'),(187,'complicité'),(699,'complxe'),(697,'comportement'),(271,'compréhension'),(554,'comprend'),(809,'comprndre'),(912,'comprnne'),(662,'compt'),(592,'concesions'),(448,'concilier'),(764,'concintes'),(996,'condition'),(1192,'conditionn'),(1290,'conditionnement'),(696,'conduir'),(1298,'conduisent'),(872,'conduit'),(609,'conéqunces'),(363,'confianc'),(999,'confier'),(924,'confirmé'),(1084,'confondr'),(686,'conformer'),(728,'confort'),(387,'confortabl'),(370,'conjoint'),(613,'conjugal'),(894,'connaisancs'),(232,'connaît'),(731,'connaîtr'),(1114,'conscince'),(1040,'conserver'),(1073,'considèr'),(1142,'considération'),(1129,'considéré'),(452,'considérer'),(1146,'consist'),(546,'constamment'),(1222,'constitué'),(885,'construir'),(1269,'construit'),(464,'contient'),(723,'contnte'),(1322,'contourner'),(1297,'contraint'),(1019,'contrair'),(1095,'contrariété'),(822,'contribuer'),(1026,'contrôler'),(1319,'contxte'),(897,'conversation'),(219,'convient'),(496,'corp'),(599,'côté'),(1066,'côtoyer'),(354,'coup'),(323,'coupl'),(451,'courant'),(432,'cours'),(1155,'coût'),(952,'craint'),(184,'crcle'),(724,'créativité'),(730,'croir'),(524,'croissanc'),(530,'crtaine'),(462,'crtitude'),(145,'csse'),(162,'cœur'),(1246,'d'),(568,'daffection'),(1065,'dagir'),(1240,'dair'),(1003,'daller'),(1135,'daltruism'),(324,'damrtume'),(134,'dan'),(868,'dangreuse'),(960,'danticiper'),(424,'dapects'),(774,'dappétit'),(634,'dassumer'),(839,'dattention'),(740,'dattnte'),(813,'dautant'),(431,'dautr'),(1071,'dautrui'),(1262,'davanc'),(855,'davantag'),(401,'davoir'),(220,'débarrasser'),(668,'débord'),(336,'début'),(748,'décalag'),(683,'déception'),(252,'décid'),(1261,'décidé'),(1166,'décider'),(482,'déciions'),(997,'décomplexé'),(1231,'découter'),(1008,'déçu'),(1074,'défaut'),(1063,'dégalité'),(1140,'dégoïsm'),(1198,'degré'),(910,'déirezvous'),(594,'déirs'),(909,'délibéré'),(861,'délibérément'),(677,'déloigner'),(1000,'demander'),(349,'dennui'),(654,'dénrgie'),(289,'denvenimer'),(377,'départ'),(1296,'dépend'),(501,'dépérissement'),(1090,'déplais'),(393,'déplaît'),(569,'déplorer'),(1013,'dépndre'),(791,'depui'),(889,'dérang'),(174,'désagréabl'),(1188,'désign'),(755,'désintérêt'),(1120,'désintérssée'),(395,'désir'),(471,'désirabl'),(1083,'désirer'),(1308,'déstabiliser'),(347,'desus'),(469,'dêtr'),(1069,'détriment'),(542,'détste'),(380,'deux'),(614,'devenir'),(412,'devient'),(1038,'devoir'),(579,'devrait'),(932,'dexclusivité'),(1277,'dhabitud'),(879,'dialogu'),(1300,'différemment'),(746,'diffèrent'),(566,'différnte'),(138,'difficil'),(948,'dign'),(1132,'dignité'),(1292,'dimagination'),(1294,'dimaginer'),(758,'diminu'),(1080,'dimportanc'),(865,'dinattention'),(264,'dindulgnce'),(923,'dinfidélité'),(326,'dinjutics'),(1291,'dinrtie'),(995,'dinstaurer'),(882,'dir'),(835,'dircte'),(725,'disparaît'),(1152,'disponibl'),(1177,'disposé'),(1099,'disposition'),(294,'dit'),(1243,'divertissent'),(268,'dmande'),(1171,'dmpathie'),(425,'dobligation'),(1208,'dodo'),(325,'doffnes'),(329,'doffnse'),(502,'doit'),(611,'domain'),(760,'donc'),(1079,'donn'),(661,'donné'),(547,'donner'),(1211,'dont'),(1263,'dopérer'),(582,'doù'),(278,'douleur'),(834,'doulouruse'),(1017,'dout'),(744,'dramatiser'),(618,'dstime'),(172,'dstructrice'),(214,'du'),(279,'dun'),(366,'durabl'),(678,'durablement'),(785,'dvienne'),(1178,'dynamiqu'),(124,'d’amrtume'),(130,'d’injutics'),(128,'d’offnes'),(181,'d’offnse'),(732,'échapp'),(715,'écouter'),(836,'effet'),(270,'effort'),(1271,'effrayant'),(719,'également'),(260,'égard'),(1078,'égoïst'),(1305,'émerveillent'),(628,'émotion'),(223,'émotionnel'),(652,'empêcher'),(154,'empoisonnent'),(178,'en'),(411,'endroit'),(519,'enfant'),(466,'enjeu'),(1186,'ennemi'),(1202,'ennui'),(1244,'enrichissent'),(1110,'ens'),(1302,'enthousiasmant'),(1014,'entièrement'),(1027,'entiments'),(854,'entons'),(314,'entrer'),(1035,'entretenir'),(374,'enver'),(498,'envisager'),(449,'épanouissant'),(1055,'épanouissement'),(810,'éprouv'),(647,'éprouvé'),(1172,'éprouver'),(457,'épruve'),(751,'équilibr'),(1275,'esentiels'),(883,'essentiel'),(801,'essions'),(107,'est'),(180,'et'),(1278,'établi'),(559,'étaient'),(416,'était'),(455,'étap'),(441,'êtr'),(734,'évoluent'),(504,'évolution'),(391,'exactement'),(381,'exaltant'),(541,'expérimenter'),(1126,'expression'),(625,'exprimer'),(660,'exuels'),(586,'fac'),(267,'facil'),(858,'facilement'),(959,'façon'),(657,'faim'),(262,'fair'),(788,'faisant'),(168,'fait'),(590,'familial'),(940,'familier'),(375,'famill'),(733,'fantams'),(803,'faudrait'),(295,'faut'),(636,'fera'),(1218,'feu'),(869,'fface'),(713,'fidèl'),(1005,'fidélité'),(735,'fil'),(281,'fin'),(968,'finalement'),(398,'finir'),(552,'finit'),(873,'focaliser'),(943,'foi'),(1149,'fonction'),(918,'fond'),(1102,'fondé'),(322,'fondement'),(610,'font'),(1015,'form'),(1034,'fort'),(355,'foudr'),(1010,'fragil'),(535,'frénési'),(757,'fréqunce'),(389,'frustrant'),(561,'frustration'),(620,'frustré'),(603,'frustrer'),(507,'frutrations'),(1212,'fuir'),(974,'fuit'),(419,'furtif'),(666,'gagn'),(190,'garder'),(1089,'gâteau'),(1093,'génèr'),(942,'général'),(189,'généralement'),(698,'générateur'),(1289,'générer'),(1051,'gérer'),(949,'gliss'),(977,'grâc'),(148,'grand'),(637,'grandir'),(1088,'gross'),(1022,'gtes'),(720,'habitud'),(227,'harmoniuse'),(794,'hbdomadaire'),(204,'hont'),(313,'hotilités'),(955,'humilié'),(226,'hureuse'),(736,'ici'),(694,'idé'),(670,'identifier'),(211,'il'),(936,'imagin'),(151,'imaginair'),(1151,'impliqu'),(1312,'impliquent'),(456,'important'),(1265,'impos'),(1007,'impossibl'),(1167,'incapacité'),(782,'inchangé'),(523,'inclur'),(417,'inconnu'),(691,'individu'),(1006,'individuellement'),(612,'individulle'),(826,'inéluctabl'),(749,'inévitabl'),(340,'initial'),(1204,'inlassablement'),(1173,'innes'),(558,'innovation'),(539,'insist'),(901,'insister'),(790,'installé'),(972,'insupportabl'),(606,'intensément'),(777,'intérêt'),(738,'interroger'),(607,'intim'),(528,'intimité'),(1247,'introduir'),(1191,'invariabl'),(783,'inversement'),(743,'invrse'),(514,'irait'),(928,'jalousi'),(920,'jaloux'),(1141,'jamai'),(244,'jéus'),(1053,'joi'),(251,'jou'),(1201,'jour'),(429,'journé'),(525,'jusquà'),(110,'just'),(300,'justement'),(1037,'justifi'),(820,'justifier'),(1001,'l'),(155,'la'),(1031,'labandon'),(571,'labsnce'),(503,'laccepter'),(812,'laccpte'),(513,'lactivité'),(341,'laffection'),(726,'laissant'),(1180,'laissé'),(978,'laisser'),(1098,'laltruism'),(1106,'laltruist'),(1076,'lamitié'),(317,'lamour'),(1092,'laqulle'),(518,'larrivé'),(1282,'lasser'),(930,'lattachement'),(781,'lattiranc'),(911,'lattitud'),(474,'laurier'),(250,'lautr'),(1241,'lavnture'),(318,'lécout'),(1293,'leffort'),(1101,'légard'),(420,'légèr'),(1085,'légocntrisme'),(1067,'légoïsm'),(1077,'légoïst'),(1228,'lémission'),(1254,'lendemain'),(1012,'lenjeu'),(1213,'lennui'),(576,'lépanouissement'),(234,'lépisod'),(991,'lépruve'),(1268,'lequel'),(332,'léquilibr'),(630,'lesprit'),(394,'lessentiel'),(1187,'léviter'),(742,'lexcè'),(353,'lexcitation'),(651,'lextérieur'),(1230,'lhabitud'),(644,'lharmoni'),(739,'lhorizon'),(681,'libérateur'),(982,'liberté'),(778,'libido'),(440,'libr'),(1253,'lidé'),(1043,'lien'),(708,'lieu'),(400,'limpression'),(483,'limprovist'),(957,'linfidélité'),(247,'linsult'),(1137,'lintérêt'),(656,'lintérieur'),(390,'lintimité'),(415,'linvrse'),(665,'lirritation'),(673,'lisolement'),(658,'lissu'),(152,'lle'),(591,'llemême'),(1103,'lmpathie'),(1060,'lntourage'),(328,'loffenser'),(275,'loffnse'),(213,'logiqu'),(310,'lon'),(792,'longtemp'),(896,'longu'),(1165,'lopportunité'),(891,'lor'),(1216,'lordinair'),(671,'lorigin'),(548,'loriginalité'),(663,'lorsqu'),(859,'lorsquil'),(293,'lorsqulle'),(348,'lot'),(163,'lourd'),(979,'lspace'),(153,'lui'),(1004,'luimêm'),(357,'lun'),(684,'lunité'),(814,'lxplique'),(216,'l’amour'),(222,'l’équilibr'),(177,'l’offenser'),(265,'mai'),(966,'maîtriser'),(866,'mal'),(672,'malais'),(1299,'malgré'),(565,'manièr'),(605,'manifste'),(567,'manqu'),(115,'march'),(362,'marché'),(929,'marqu'),(1227,'matin'),(500,'maturation'),(526,'maturité'),(1159,'mauvai'),(1157,'mauvais'),(1281,'mécaniqu'),(701,'mécanism'),(437,'médicaux'),(1016,'méfianc'),(408,'mêm'),(870,'mémoir'),(1052,'mèn'),(1059,'menacé'),(433,'ménag'),(485,'ménager'),(1070,'mépri'),(1096,'mépris'),(303,'mérit'),(1304,'métamorphosé'),(1207,'métro'),(682,'mettant'),(655,'mettent'),(557,'mieux'),(768,'mmbre'),(961,'mnace'),(692,'modèl'),(344,'moin'),(1081,'moitié'),(410,'moment'),(158,'mond'),(786,'monoton'),(864,'montr'),(838,'montrer'),(261,'mot'),(1125,'mourir'),(1256,'moyen'),(209,'mpêche'),(1032,'mpoisonne'),(1287,'mrveilleuse'),(531,'msure'),(598,'mttre'),(446,'musiqu'),(320,'mutuel'),(915,'mutulle'),(254,'n'),(1033,'na'),(1050,'narriv'),(511,'naturlle'),(627,'ncore'),(895,'nécessairedengager'),(426,'néchappent'),(1309,'nécsaires'),(224,'nécssaire'),(123,'négatif'),(876,'négativ'),(284,'nempoisonnent'),(330,'nen'),(266,'nest'),(908,'nétait'),(877,'ngage'),(298,'nimport'),(512,'nntrave'),(600,'no'),(1156,'nom'),(800,'nombr'),(645,'nombrues'),(765,'non'),(687,'norm'),(745,'normal'),(493,'notamment'),(207,'notr'),(167,'nou'),(1221,'nouveau'),(1195,'nouveauté'),(360,'nouvlle'),(372,'nsemble'),(468,'nssaie'),(1252,'nthousiaste'),(170,'ntraîne'),(643,'ntrave'),(183,'ntre'),(601,'nvie'),(199,'n’en'),(649,'obligation'),(595,'obligé'),(560,'occaionnlles'),(442,'occupé'),(257,'offensé'),(844,'offnes'),(182,'offnse'),(984,'omniprésnte'),(117,'on'),(1236,'ont'),(538,'opéré'),(1303,'opérer'),(1075,'oppos'),(297,'or'),(937,'orts'),(384,'ôter'),(129,'ou'),(847,'oubli'),(900,'oublier'),(888,'ouhaitezvous'),(922,'oupçons'),(804,'ouvrir'),(201,'pa'),(515,'pair'),(1210,'pantoufl'),(445,'papier'),(126,'par'),(962,'paradoxalement'),(421,'paraît'),(950,'paranoïa'),(307,'parc'),(215,'pardon'),(306,'pardonn'),(253,'pardonner'),(916,'pardonnon'),(136,'parfoi'),(200,'parl'),(761,'parler'),(1168,'parnthèes'),(1049,'part'),(1160,'partag'),(572,'partagé'),(1162,'partager'),(369,'particulier'),(470,'particulièrement'),(175,'partnaire'),(958,'partout'),(1048,'parvenir'),(1169,'parvient'),(147,'pasés'),(414,'passag'),(135,'passé'),(1148,'passer'),(339,'passion'),(443,'pâtissent'),(608,'pâtit'),(1189,'penser'),(1284,'perçoit'),(186,'perd'),(759,'périod'),(884,'permet'),(1161,'permettant'),(716,'permettra'),(494,'permettraient'),(1056,'personnel'),(1122,'personnellement'),(1199,'pès'),(137,'pesant'),(1320,'pèsent'),(1021,'petit'),(947,'peu'),(205,'peur'),(383,'peut'),(508,'peuvent'),(762,'phas'),(831,'physiquement'),(385,'piment'),(1046,'pine'),(1185,'pir'),(727,'plac'),(1181,'plaint'),(718,'plaisir'),(392,'plaît'),(491,'plan'),(338,'plu'),(695,'plutôt'),(890,'pnse'),(166,'poid'),(544,'point'),(1184,'poison'),(1128,'poitifs'),(291,'populair'),(1285,'port'),(1054,'porteur'),(604,'pos'),(551,'posé'),(1179,'positiv'),(965,'possessif'),(534,'possibl'),(111,'pour'),(458,'pourquoi'),(998,'pourra'),(1124,'pourrait'),(217,'pourtant'),(580,'pouvoir'),(409,'pratiqu'),(769,'prçue'),(711,'prdre'),(492,'préconçu'),(248,'préfèr'),(1234,'préféré'),(704,'préférnce'),(480,'prend'),(1068,'préoccup'),(893,'présenter'),(707,'préserver'),(529,'présrvée'),(1029,'pression'),(808,'prêt'),(1260,'prévu'),(333,'pri'),(633,'primordial'),(1062,'princip'),(522,'priorité'),(1009,'pris'),(1283,'prisonnier'),(575,'privé'),(1273,'privent'),(1136,'privilégi'),(1044,'privilégié'),(1133,'privilégier'),(710,'prix'),(642,'prmettre'),(1041,'prmière'),(273,'prndre'),(196,'problèm'),(773,'produir'),(832,'produit'),(343,'profond'),(841,'profondément'),(589,'profsionnelles'),(114,'programm'),(1315,'projet'),(951,'projtte'),(935,'promi'),(1232,'promnade'),(1144,'prononcé'),(1175,'propension'),(1123,'propo'),(1257,'prouvantd'),(1258,'prouver'),(302,'prsonne'),(584,'prsonnelle'),(1196,'prspective'),(358,'prsque'),(1183,'prsse'),(775,'prte'),(263,'pruve'),(149,'ptite'),(898,'pu'),(688,'puisqu'),(472,'puisquon'),(342,'putêtre'),(243,'qu'),(824,'qualité'),(299,'quand'),(919,'quattendezvou'),(335,'quau'),(875,'quel'),(771,'quen'),(327,'quest'),(460,'question'),(141,'qui'),(532,'quil'),(587,'qulle'),(1214,'qulque'),(1154,'quoi'),(388,'quoiqu'),(308,'quon'),(286,'quotidien'),(1164,'quotidinne'),(160,'qu’est'),(131,'qu’on'),(242,'racont'),(1272,'radical'),(1229,'radio'),(925,'raions'),(772,'raison'),(1087,'ramener'),(121,'rancœur'),(1217,'ranimer'),(143,'rapplle'),(659,'rapport'),(1086,'rapproch'),(481,'rarement'),(283,'ras'),(821,'rassur'),(422,'rassurant'),(1002,'rassurer'),(975,'rattraper'),(914,'rconnaissance'),(301,'rconnaître'),(516,'rdécouverte'),(206,'réaction'),(969,'réalis'),(963,'réaliser'),(304,'recevoir'),(577,'réclam'),(887,'réconciliation'),(210,'réconcilier'),(1139,'reconnaissant'),(495,'redécouvrir'),(356,'redécouvrirait'),(465,'réel'),(1194,'réfléchir'),(815,'regain'),(427,'règl'),(444,'réglé'),(784,'régularité'),(793,'régulier'),(225,'relation'),(150,'rélle'),(780,'remet'),(434,'rend'),(173,'rendent'),(435,'rendezvou'),(1237,'renforcent'),(596,'renoncer'),(352,'renouer'),(1266,'renouvellement'),(1131,'réparateur'),(1158,'répartition'),(903,'répèt'),(1203,'répètent'),(1251,'répéter'),(802,'replonger'),(246,'répondr'),(527,'reponsabilités'),(857,'resentezvous'),(319,'respect'),(1064,'respecté'),(1117,'respecter'),(967,'respirer'),(1115,'ressent'),(259,'ressentiment'),(1082,'ressentir'),(712,'rester'),(878,'résult'),(904,'résultat'),(1121,'retirera'),(179,'retour'),(221,'retrouver'),(489,'rêv'),(1224,'réveil'),(1116,'révèl'),(573,'revêt'),(188,'revient'),(245,'rfuse'),(1295,'rich'),(1223,'rien'),(256,'rigueur'),(619,'risqu'),(676,'risquent'),(413,'rit'),(405,'ritualisé'),(1235,'rituel'),(1233,'ritulle'),(1036,'rivalité'),(1193,'rjette'),(459,'rmettre'),(361,'rncontre'),(970,'rndre'),(1316,'rnforce'),(680,'rôl'),(555,'rompr'),(346,'routin'),(1274,'rpère'),(669,'rplie'),(473,'rpose'),(1018,'rprésente'),(632,'rproche'),(981,'rspecte'),(1111,'rsponsable'),(766,'rssentie'),(438,'rste'),(985,'ruin'),(192,'rumin'),(280,'rumination'),(1061,'rvanche'),(379,'rythm'),(478,'rythmé'),(142,'s'),(396,'sa'),(990,'sabîmer'),(664,'saccumulent'),(509,'saccumuler'),(1318,'sadapter'),(406,'sadonn'),(853,'sagit'),(290,'sagsse'),(159,'sait'),(505,'sajout'),(973,'samorc'),(629,'sapparenter'),(907,'sassurer'),(623,'satisfaction'),(593,'satisfair'),(1024,'sattach'),(1250,'sattend'),(817,'saurait'),(705,'savèrera'),(397,'saveur'),(296,'savoir'),(1205,'schéma'),(941,'séducteur'),(467,'séduction'),(946,'séduisant'),(488,'sein'),(690,'selon'),(399,'sémousser'),(1047,'sen'),(737,'senfermer'),(373,'sengagent'),(1311,'senrichit'),(992,'sensibilité'),(816,'sensuivrait'),(1058,'sent'),(122,'sentiment'),(562,'sentir'),(533,'sera'),(933,'sest'),(638,'sétndre'),(1143,'seulement'),(1288,'sèv'),(277,'séviter'),(402,'sexualité'),(639,'sexuel'),(722,'sexuellement'),(113,'si'),(1138,'sien'),(750,'sign'),(852,'sil'),(1264,'simpl'),(899,'simplement'),(880,'sincèr'),(721,'sinstall'),(371,'sinstallent'),(747,'sinstaur'),(1313,'sinvstisse'),(902,'situation'),(476,'smble'),(345,'snsuelle'),(191,'soi'),(588,'soient'),(517,'soimêm'),(892,'soiré'),(203,'soit'),(1104,'solidarité'),(570,'solitud'),(602,'son'),(1091,'sonsa'),(321,'sont'),(331,'soppos'),(1321,'sorganiser'),(1215,'sort'),(1307,'sortent'),(1286,'sorti'),(1259,'sortir'),(863,'souci'),(1150,'soucier'),(193,'souffr'),(169,'souffrir'),(545,'souhait'),(848,'souhaiter'),(127,'souvenir'),(540,'souvent'),(886,'space'),(171,'spiral'),(475,'spontanéité'),(685,'ssaye'),(944,'sstime'),(364,'stabilité'),(789,'stagner'),(1280,'statiqu'),(837,'stime'),(1248,'stimulant'),(1238,'structurent'),(1028,'subir'),(653,'subissent'),(553,'suffir'),(202,'suffisamment'),(1023,'suffisent'),(382,'suit'),(490,'suivr'),(805,'sujet'),(139,'supporter'),(1108,'suprêm'),(274,'sur'),(1220,'surprndre'),(796,'surtout'),(1030,'surveillé'),(1057,'surveiller'),(983,'suspicion'),(763,'sxe'),(386,'sxuelle'),(1094,'synonym'),(1147,'systématiquement'),(212,'s’oppos'),(282,'tabl'),(1163,'tâch'),(635,'taisant'),(521,'tant'),(543,'tel'),(1209,'télé'),(971,'tellement'),(1174,'témoign'),(439,'temp'),(367,'tend'),(255,'tenir'),(674,'tentation'),(1310,'tenter'),(109,'test'),(818,'tient'),(1245,'tirent'),(1042,'tisser'),(811,'tlle'),(851,'tndance'),(249,'tndre'),(741,'tomber'),(921,'tort'),(233,'tou'),(194,'toujour'),(752,'tourner'),(334,'tournur'),(157,'tout'),(450,'traca'),(1072,'traditionnellement'),(1127,'traduit'),(954,'trahi'),(964,'trahiss'),(1182,'traintrain'),(1301,'transform'),(510,'transformation'),(648,'travail'),(430,'travaill'),(1267,'traver'),(454,'traversé'),(403,'trè'),(646,'tress'),(616,'tristsse'),(292,'tromp'),(926,'trompé'),(479,'trop'),(939,'trouv'),(378,'trouver'),(108,'txte'),(133,'ubis'),(1118,'un'),(830,'uni'),(702,'uniqu'),(874,'uniquement'),(1317,'unit'),(1306,'urpris'),(487,'urpriss'),(1134,'util'),(825,'uxmême'),(118,'va'),(1105,'valorisé'),(689,'vari'),(1249,'varié'),(1200,'venir'),(368,'ver'),(269,'véritabl'),(641,'véritablement'),(311,'veut'),(146,'vexation'),(156,'vi'),(185,'vicieux'),(650,'viennent'),(197,'vient'),(337,'vit'),(164,'vivr'),(112,'voir'),(956,'voit'),(706,'volonté'),(917,'volontier'),(860,'votr'),(867,'vou'),(862,'voudrait'),(798,'vouloir'),(486,'vrai'),(484,'vraiment'),(1145,'xcessive'),(477,'xclue'),(1025,'xclusive'),(845,'xemple'),(1153,'xige'),(797,'xiste'),(675,'xtérieure'),(1270,'xtrême'),(1197,'y'),(787,'yeux');
/*!40000 ALTER TABLE `word` ENABLE KEYS */;
UNLOCK TABLES;

--
-- Dumping events for database 'SIG'
--

--
-- Dumping routines for database 'SIG'
--

--
-- Final view structure for view `plain`
--

/*!50001 DROP VIEW IF EXISTS `plain`*/;
/*!50001 SET @saved_cs_client          = @@character_set_client */;
/*!50001 SET @saved_cs_results         = @@character_set_results */;
/*!50001 SET @saved_col_connection     = @@collation_connection */;
/*!50001 SET character_set_client      = utf8 */;
/*!50001 SET character_set_results     = utf8 */;
/*!50001 SET collation_connection      = utf8_general_ci */;
/*!50001 CREATE ALGORITHM=UNDEFINED */
/*!50013 DEFINER=`fukurou`@`localhost` SQL SECURITY DEFINER */
/*!50001 VIEW `plain` AS select `word`.`mot` AS `Mot`,`themes`.`nom` AS `Nom`,`frequences`.`frequence` AS `Freq` from ((`word` join `themes`) join `frequences`) where ((`frequences`.`mot` = `word`.`id`) and (`frequences`.`theme` = `themes`.`id`)) */;
/*!50001 SET character_set_client      = @saved_cs_client */;
/*!50001 SET character_set_results     = @saved_cs_results */;
/*!50001 SET collation_connection      = @saved_col_connection */;

--
-- Final view structure for view `total`
--

/*!50001 DROP VIEW IF EXISTS `total`*/;
/*!50001 SET @saved_cs_client          = @@character_set_client */;
/*!50001 SET @saved_cs_results         = @@character_set_results */;
/*!50001 SET @saved_col_connection     = @@collation_connection */;
/*!50001 SET character_set_client      = utf8 */;
/*!50001 SET character_set_results     = utf8 */;
/*!50001 SET collation_connection      = utf8_general_ci */;
/*!50001 CREATE ALGORITHM=UNDEFINED */
/*!50013 DEFINER=`fukurou`@`localhost` SQL SECURITY DEFINER */
/*!50001 VIEW `total` AS select `themes`.`nom` AS `Theme`,sum(`frequences`.`frequence`) AS `n` from (`themes` join `frequences` on((`frequences`.`theme` = `themes`.`id`))) group by `frequences`.`theme` */;
/*!50001 SET character_set_client      = @saved_cs_client */;
/*!50001 SET character_set_results     = @saved_cs_results */;
/*!50001 SET collation_connection      = @saved_col_connection */;
/*!40103 SET TIME_ZONE=@OLD_TIME_ZONE */;

/*!40101 SET SQL_MODE=@OLD_SQL_MODE */;
/*!40014 SET FOREIGN_KEY_CHECKS=@OLD_FOREIGN_KEY_CHECKS */;
/*!40014 SET UNIQUE_CHECKS=@OLD_UNIQUE_CHECKS */;
/*!40101 SET CHARACTER_SET_CLIENT=@OLD_CHARACTER_SET_CLIENT */;
/*!40101 SET CHARACTER_SET_RESULTS=@OLD_CHARACTER_SET_RESULTS */;
/*!40101 SET COLLATION_CONNECTION=@OLD_COLLATION_CONNECTION */;
/*!40111 SET SQL_NOTES=@OLD_SQL_NOTES */;

-- Dump completed on 2019-05-29 15:42:20
